<?xml version='1.0' encoding 'ISO-8859-1'?>
<EMPLEADOS>
        <TITULO xmlns="">DATOS DE LA TABLA EMPLE</TITULO>
        <fila_emple xmlns="">
    <EMP_NO xmlns="">7499</EMP_NO>
	<APELLIDO xmlns="">ARROYO</APELLIDO>
	<OFICIO xmlns="">VENDEDOR</OFICIO>
	<DIR xmlns="">7698</DIR>
	<FECHA_ALT xmlns="">1990-02-20</FECHA_ALT>
	<SALARIO xmlns="">1500</SALARIO>
	<COMISION xmlns="">390</COMISION>
	<DEPT_NO xmlns="">30</DEPT_NO>
  </fila_emple>
        <fila_emple xmlns="">
    <EMP_NO xmlns="">7521</EMP_NO>
    <APELLIDO xmlns="">SALA</APELLIDO>
    <OFICIO xmlns="">VENDEDOR</OFICIO>
    <DIR xmlns="">7698</DIR>
    <FECHA_ALT xmlns="">1991-02-22</FECHA_ALT>
    <SALARIO xmlns="">1625</SALARIO>
    <COMISION xmlns="">650</COMISION>
    <DEPT_NO xmlns="">30</DEPT_NO>
  </fila_emple>
        <fila_emple xmlns="">
    <EMP_NO xmlns="">7654</EMP_NO>
	<APELLIDO xmlns="">MARTIN</APELLIDO>
	<OFICIO xmlns="">VENDEDOR</OFICIO>
	<DIR xmlns="">7698</DIR>
	<FECHA_ALT xmlns="">1991-09-29</FECHA_ALT>
	<SALARIO xmlns="">1600</SALARIO>
	<COMISION xmlns="">1020</COMISION>
	<DEPT_NO xmlns="">30</DEPT_NO>
  </fila_emple>
        <fila_emple xmlns="">
    <EMP_NO xmlns="">7698</EMP_NO>
	<APELLIDO xmlns="">NEGRO</APELLIDO>
	<OFICIO xmlns="">DIRECTOR</OFICIO>
	<DIR xmlns="">7839</DIR>
	<FECHA_ALT xmlns="">1991-05-01</FECHA_ALT>
	<SALARIO xmlns="">3005</SALARIO>
	<DEPT_NO xmlns="">30</DEPT_NO>
  </fila_emple>
    </EMPLEADOS>
